{
  "view/View1.view.xml": 1759415609444,
  "controller/App.controller.js": 1759414967882,
  "controller/View1.controller.js": 1759415556871,
  "model/models.js": 1759414967878,
  "manifest.json": 1759416047221,
  "Component.js": 1759414967870,
  "controller/View1-dbg.controller.js": 1759415556871,
  "controller/View1.controller.js.map": 1759416264270,
  "controller/App-dbg.controller.js": 1759414967882,
  "controller/App.controller.js.map": 1759416264270,
  "model/models-dbg.js": 1759414967878,
  "model/models.js.map": 1759416264272,
  "Component-dbg.js": 1759414967870,
  "Component.js.map": 1759416264276,
  "Component-preload.js": 1759416264351,
  "Component-preload.js.map": 1759416264351,
  "i18n/i18n.properties": 1759415165338,
  "view/App.view.xml": 1759414967882,
  "css/style.css": 1759414967882,
  "index.html": 1759414967870
}